TIC ID,TFOPWG Disposition,Sectors
435673126,FP,"14,41,54,81"
142087638,FP,"7,28,29,30,31,33,34,35,36,37,38,39,61,62,63,64,65,66,67,68,69"
142087638,FP,"7,28,29,30,31,33,34,35,36,37,38,39,61,62,63,64,65,66,67,68,69"
400595342,FP,"8,9,35,36,62,63,89,90"
407146536,FP,"12,13,39,65,66"
146846569,FP,"9,10,36,63"
190271688,FP,"11,38,65"
158555987,FP,"14,40,41,53,54,55,74,75"
350743714,FP,"1,2,3,4,5,6,7,8,9,10,11,12,13,27,28,29,30,31,32,33,34,35,36,37,38,39,61,62,63,64,65,66,67,68,69,87,88,89"
388624270,FP,"8,9,34,35,36,61,62,63,88,89"
178959058,FP,"11,38,64"
257052211,FP,"15,16,56,76,83"
370759867,FP,18
470911286,FP,"17,18,24"
116608612,FP,"19,43,44,45,59,73"
34551972,FP,"18,42,43,44,58"
219467837,FP,"14,15,20,21,22,40,41,47,48"
398733009,FP,"4,30"
431999925,FP,7
403693875,FP,"6,33,71,72,87"
53593457,FP,6
146208651,FP,"8,9,35,36,62,63,89"
124543547,FP,6
269238073,FP,"17,18,24,57"
141405814,FP,"7,34,61,88"
297153209,FP,"15,41,55,56,75"
127476180,FP,"7,61,88"
243283955,FP,"14,15,16,23,26,40,41,49,53,54,55,56,59,60,73,74,75,76,80,81,82,83"
320525204,FP,"14,15,16,17,18,19,20,21,23,24,25,26,40,41,47,48,49,50,51,52,53,54,55,57,58,59,60,73,74,75,76,77,78,80,81,82,83,84,85,86"
1717732429,FP,"14,15,16,19,22,23,25,26,40,41,49,52,53,54,55,56,57,58,59,60,73,74,75,76,79,80,81,82,83,84,85"
359496368,FP,"14,15,18,19,20,21,22,23,24,25,26,40,41,47,48,49,50,51,52,53,54,55,56,57,58,59,60,73,75,76,78,79,80,81,82,83,84,85"
258777137,FP,"14,15,16,17,18,19,20,21,22,23,24,25,26,40,41,47,48,49,50,51,53,54,55,56,57,58,59,60,73,74,75,76,77,79,80,82,83,84,85,86"
289539327,FP,"14,16,17,18,19,20,21,22,23,24,25,26,40,41,47,48,49,50,51,52,53,54,55,57,58,60,73,74,75,76,77,78,79,81,82,83,84,85,86"
233684822,FP,"14,15,16,17,18,19,21,22,23,24,25,26,40,41,48,49,51,52,53,54,55,56,57,58,59,60,74,75,76,78,79,80,81,82,83,84,85,86"
232679662,FP,"14,15,16,19,22,23,25,26,40,41,49,52,53,54,55,56,57,58,59,60,73,74,75,76,79,80,81,82,83,84,85,86"
1400770435,FP,"14,15,16,17,18,19,20,21,23,24,25,26,40,41,47,48,49,50,51,52,53,54,55,57,58,59,60,73,74,75,76,77,78,80,81,82,83,84,85,86"
230017325,FP,"14,15,16,17,18,19,20,21,23,24,25,26,40,41,47,48,49,50,51,52,53,54,55,56,57,58,59,60,73,74,75,76,77,78,79,80,81,82,83,84,13368,56"
422838133,FP,"18,19,24,25,52,58,59,78,79,85"
284564230,FP,"14,15,16,17,20,23,24,26,40,41,47,49,50,53,54,55,56,57,58,59,60,73,74,75,76,77,80,81,82,83,84,85,86"
352924930,FP,"18,24,25,52,58,78,79"
48476907,FP,"9,35,36,62,63"
104022675,FP,"10,37"
269269740,FP,"14,15,41,54"
384386061,FP,"12,13,39"
268405086,FP,"18,19,20,25,26,40,47"
365952328,FP,"13,39,66"
365712006,FP,"15,16,56,57,76,77"
172376068,FP,"14,41,54,55,74,75,81,82"
10552342,FP,"16,56,83"
326470400,FP,"11,38,65"
294869729,FP,"1,2,3,4,5,6,7,8,9,10,11,12,13,27,28,29,30,31"
344085117,FP,"6,7,8,33,35,61,62,87"
370877263,FP,"9,10,11,36,38,63,64,65"
169904935,FP,"7,34,61"
201233610,FP,"2,28,29"
149601557,FP,"1,2,3,4,5,6,7,8,9,10,11,12,13,27,28,30,31,32,33,34,35,36,37,38,61,62,64,65,67,68,69"
167418898,FP,"1,2,3,4,5,6,7,8,9,11,12,13,28,29,30,31,32,33,34,35,36,37,38,39"
157568289,FP,"6,7,33,34,87"
46772529,FP,"8,35,62"
58046864,FP,13
373614579,FP,"20,47,60"
273069412,FP,"15,16,55,56,76,82"
52548453,FP,"7,33,87"
59859387,FP,"7,8,33,35,61"
407146538,FP,"12,13,39,65,66"
337274055,FP,"13,39"
7904580,FP,"8,34"
25624952,FP,"17,24,57,77,84"
361998994,FP,"10,11"
48276576,FP,"9,62"
156991337,FP,"6,7,33,61,87"
207468071,FP,"16,23,24,25,49,50,51,52,56,76,77,78,79"
457743020,FP,"10,36,37"
219466803,FP,"14,15,20,21,22,40,41,47,48"
263203229,FP,"12,38,39,65,66"
161687209,FP,"15,16,22,24,49,50,51,76,77,78"
304950588,FP,"10,11,37,38"
437156845,FP,"7,8,34"
162729620,FP,"10,36,37,63,64"
306547699,FP,"10,11,37,38"
469436001,FP,"15,16,17,41,55,57,75,77"
262531275,FP,"2,3,29,30"
383723559,FP,"14,26,41,53,54,74,80,81"
302766000,FP,"6,43,44,45"
241065596,FP,"17,18,58"
374400599,FP,"18,25,52,58,85"
418987806,FP,"18,24,58,78,85"
385105624,FP,"18,58,86"
138017750,FP,"18,58,85"
371579161,FP,"16,17,57,77"
154867950,FP,"14,19,20,21,26,40,41,47,53,59,60"
347442932,FP,"8,61"
118308828,FP,"8,9,10,35,36"
187029841,FP,18
308050066,FP,"9,35,62"
151930063,FP,"7,8,34,61"
426017070,FP,"2,13,27,28,29"
113295476,FP,7
332660287,FP,"5,32"
82302240,FP,"8,9,34,35,61"
155807906,FP,"7,8,34"
100267480,FP,13
363635669,FP,"9,10,11,36,63,64"
172630205,FP,"6,7,33"
124095888,FP,"10,37"
229285649,FP,"6,33,45"
309257814,FP,"10,28,31,35,36,37,38,61,62,63,64"
117979694,FP,"5,32"
77228304,FP,"4,5"
289441015,FP,"15,16,55,56,75"
285666479,FP,18
461387302,FP,"17,18,24,25,58,78,85"
286355915,FP,"18,58"
121966220,FP,"19,59"
282498590,FP,"6,33"
12036590,FP,"6,33"
91869778,FP,"6,33,43,44,45,71,72"
190743990,FP,"15,16,56,76,83"
294176967,FP,"14,15,16,41,54,55,56,75,76,81,82"
365389353,FP,"15,16,56,57,76,77,83"
468977648,FP,"9,10,35,36"
284305328,FP,"17,18,24,25,58"
294090620,FP,"8,34,35,61"
405904232,FP,"14,15,16,41,54,55,56,75,76,81,82"
61117473,FP,"11,38"
55390413,FP,"19,20,60,73"
389182138,FP,"16,17,57,77,84"
98613492,FP,"19,59"
252537013,FP,"16,17,57,77,84"
249812036,FP,"16,17,56,57,76,77,83"
233720539,FP,"14,15,16,17,18,19,20,22,23,24,25,26,40,47,48,49,50,52,57,73,74,75,76,77,78,79,80,81,83"
233497719,FP,"14,15,16,18,19,20,21,22,24,25,26,40,41,47,48,49,51,52,73,74,75,76,78,79,80,81,82"
47617038,FP,"11,38"
314724818,FP,"11,38,65"
241174783,FP,"20,47,60"
17005768,FP,"17,57"
463203560,FP,"9,10,36,37,63,64"
464067218,FP,"9,10,36,37,63,64"
463681005,FP,"9,10,63,64"
279177746,FP,"15,16,55,56,75,76,82"
261141602,FP,"19,59,73"
334597566,FP,"16,17,18,24,57"
318608749,FP,"1,13,27,39,66,67"
358631536,FP,"15,16,55,56,75,76,82"
312548415,FP,"17,18,24"
169177766,FP,"14,15,54,55,74,75,81,82"
11111899,FP,"14,15,41,54,55,75,81,82"
165523947,FP,15
96291218,FP,"19,43,44,59,71"
341805908,FP,"12,39,65,66"
138361973,FP,"14,40,41,54,55,74,75,81,82"
101929303,FP,"14,54,55,74,75,81,82"
186000935,FP,"14,15,41,54,56,75,81,82"
365683032,FP,"15,16,56,75,76,82"
233541860,FP,"14,15,16,17,18,19,20,21,22,23,24,25,26,40,41,47,48"
15682927,FP,"14,15,41,55"
260043723,FP,"1,2,3,4,5,6,7,8,9,10,11,12,13,27,28,29,30,31,32,33,34,35,36,37,38,39,61,62,63,64,65,66,67,68,69"
55452495,FP,"1,2,3,4,5,7,8,9,10,11,12,13,27,28,29,30,31,32,33,34,35,36,37,38,39,61,62,63,64,65,66"
220016044,FP,"2,3,29,30"
220396259,FP,"2,29"
300810086,FP,"1,2,3,4,5,6,7,8,9,10,11,12,13,28,29,30,31,32,33,34,35,36,38,39,61,62,63,64,65,66,67,68"
250386181,FP,"4,30"
219388773,FP,"4,5,6"
7624182,FP,"4,5,31,32"
38686737,FP,5
172464366,FP,6
134396419,FP,"7,8,34,35,61"
153651591,FP,"7,8,34"
54085154,FP,"9,36,63"
304021498,FP,"9,10,11,36"
309787037,FP,"8,9,10,35,36,37,61,62,63,64,68"
112395568,FP,13
382437043,FP,"1,2,3,4,5,6,7,8,9,10,11,12,13,27,28,29,30,31,32,33,34,35,37,38,39,61,62,63,64,65"
277103955,FP,"1,3,4,5,6,7,8,10,11,13,27,28,30,31,32,33,34,35,37,38,62,63,65,66,67,68,69"
24094603,FP,13
33878688,FP,"1,2,3,5,6,7,8,9,10,11,12,13,27,28,29,30,31,32"
399144800,FP,"10,11,37,38,64,65"
230086768,FP,"15,16,17,18,19,20,21,22,23"
224313733,FP,"15,16,17,22,23,24,49,50,51"
420645189,FP,"19,25,26,52"
420645189,FP,"19,25,26,52"
70887357,FP,"5,32"
160162987,FP,"14,19,20,21,25,26,40,41"
388130235,FP,"1,3,4,5,6,7,8,9,10,11,13,27,28,29,30,31,32,33,34,35,36"
65347776,FP,"3,4,30"
31114545,FP,"5,6,32"
1101909431,FP,"16,23,24"
356868487,FP,"14,15,16,17,18,19,20,21,22,23,24,25,26,40,41,47,48,49,50,51,52,53,54,56,57,58,59,60"
332630868,FP,"8,35"
312221462,FP,"19,43,44,45"
202428245,FP,"15,16,21,22,23,41,48,50,75"
434100688,FP,"2,69"
379931600,FP,"14,40,41"
83210867,FP,"14,41,54,55,74,75,81"
146836153,FP,"7,8,34,61"
386297468,FP,"9,10,35,36,37"
339250695,FP,"19,59,73"
321436679,FP,"19,59,73"
138497780,FP,"20,43,44,45,60"
293075732,FP,"12,39,66"
219379012,FP,"4,5,6,31"
81429971,FP,"7,8,34,35,61"
101395259,FP,"8,9,35,62"
350332997,FP,"1,3,4,5,6,7,10,11,13,27,28,30,31,32,33,34,37,38"
461271719,FP,"11,37,64"
120269103,FP,"6,33"
33690636,FP,6
42755801,FP,"6,33"
229384040,FP,"6,33"
259389219,FP,"3,4,5,30,31,32"
177722855,FP,"7,33"
93594834,FP,"7,34"
177126182,FP,"7,33"
341729521,FP,"4,7,8,9,10,34"
54390047,FP,"7,34"
341186896,FP,"7,8,9,10,27,34,35,36,37,61"
238597883,FP,"7,9,34,61"
90448944,FP,"8,9,35,36,61"
63303499,FP,"6,7,33,34"
123106490,FP,"7,8,34,61,62"
29336129,FP,"8,9,35,36,62,63"
141631253,FP,"9,61,62"
108939482,FP,"7,61"
260476837,FP,"1,2,3,4,5,6,7,8,9,10,11,12,13,28,29,30"
434234955,FP,"5,32"
219205407,FP,"1,5,6,7,8,11,28,32,33,34"
146467675,FP,"5,32"
249067445,FP,"5,32"
363260203,FP,"9,11,36,37"
271581073,FP,"13,27"
311890977,FP,13
50309953,FP,"1,13,27,28"
269450900,FP,13
117689799,FP,"14,54,55"
267484653,FP,"14,15,16,17,41,47,54,55,56,57"
71854732,FP,"18,58"
235684392,FP,"17,18,19,20,21,23,24,25,40,41,47,48,50,51,52,53,54,55,57,58,60,90"
424699834,FP,"14,15,16,17,20,23,24,40,41,47,50,56,57,58,60"
114103134,FP,"7,34,61"
285524410,FP,"7,8,34,61,62"
67247610,FP,"15,55,75"
239136269,FP,"20,44,45,46,47"
277987172,FP,"14,41,54,55"
260271203,FP,"1,2,3,4,5,6"
458876004,FP,18
16187321,FP,"14,15,41,55"
64531556,FP,"14,15,41,55"
195093356,FP,"15,41"
185226925,FP,"14,15,41,54"
422653398,FP,"4,42,43"
243153196,FP,"17,42,43"
20988926,FP,"14,40,41,53,54"
274122380,FP,"14,15,41"
403288821,FP,"1,27,28"
231703293,FP,"1,27,28"
29830212,FP,"1,2,3,4,5,6,7,8,9,10,11,12,13,27,28,30,31,32,33,34,35,36,37,38"
179033846,FP,"4,5,31,32"
219366908,FP,"4,5,6,31,32"
452810327,FP,"5,32"
269077474,FP,"5,32"
34466256,FP,"6,32"
280212554,FP,"6,33"
279989567,FP,"6,33"
148233571,FP,"6,7,33"
134315574,FP,"6,8,33,61"
130611752,FP,"6,7,8,33,61"
437893926,FP,"6,33,43,44,45"
36574157,FP,"6,33"
319735319,FP,"6,33"
251209368,FP,"6,33"
131581522,FP,"7,8,34,61"
268042363,FP,"7,9,34,35,36,61,62"
98286422,FP,"7,33,34"
81231810,FP,"7,33"
182470056,FP,"7,8,34"
177612321,FP,"7,33"
412257781,FP,"7,34"
4999813,FP,"7,33"
290302097,FP,"9,10,11,35,36,37,62,63,64"
22020459,FP,"8,9,35,62"
374847873,FP,"9,10,11,36,37"
462162963,FP,"9,10"
441334829,FP,"9,10,36,37,62"
103245940,FP,"9,10,36"
34505005,FP,"9,36"
400395395,FP,"8,9,35,36"
383666033,FP,"8,9,10,35,36"
45684223,FP,"8,9,10,35,36,37"
390157607,FP,"10,11"
357538688,FP,"9,10,11,36,37"
303867090,FP,"9,10,11,36,37"
376740324,FP,"10,36,37"
120723776,FP,"10,36,37"
360816293,FP,"11,12"
419946164,FP,11
392112968,FP,"10,11,37,38,64,65"
372596796,FP,"10,11"
322862882,FP,"11,38"
309436531,FP,"11,12,13,37"
303883880,FP,"10,11,37,38"
242460075,FP,11
112037203,FP,11
76505260,FP,11
31697707,FP,"13,27"
369861731,FP,"12,13,39"
327210623,FP,13
310267134,FP,"12,13"
305512837,FP,"13,39"
194179013,FP,13
131581531,FP,"7,8,34"
190981760,FP,"8,35"
131036011,FP,"7,8,34,35"
185482513,FP,"8,34,35"
184670625,FP,"8,34,35"
130191319,FP,"7,8,34"
129881395,FP,"7,8,34"
175079720,FP,"7,8,34,35"
173860688,FP,"7,8"
419419534,FP,"7,8,34,35,61"
80174172,FP,"7,8,34,35"
153197346,FP,"7,8"
152685831,FP,"7,8,34"
293978434,FP,"7,8"
144970275,FP,"7,8,34"
283702603,FP,"8,34,35"
238162973,FP,"6,7,8,33,34,35"
132320310,FP,"7,8,34,35"
208030798,FP,12
284254253,FP,12
453289469,FP,"10,11,12"
282091493,FP,"10,11,12"
275562670,FP,12
254629854,FP,12
86451883,FP,14
278968371,FP,14
40779013,FP,14
106224626,FP,"14,15"
373576942,FP,15
89876424,FP,"14,15"
27844066,FP,"14,15"
294599100,FP,"14,15,41"
291147951,FP,"14,15,41"
271167979,FP,"14,15"
271042173,FP,"14,15"
172754786,FP,"14,15,41,54"
193708920,FP,"14,15"
1965256662,FP,"14,15"
169187982,FP,"14,15,41"
1976308113,FP,"15,16"
358186451,FP,"15,16,55,56"
316606244,FP,"15,16"
305478010,FP,"15,16"
295413003,FP,"14,15,16"
267867517,FP,"15,16,17"
435861696,FP,17
398912927,FP,17
1979500576,FP,"15,16,17"
429414530,FP,"15,16,17"
80478272,FP,"17,57"
453230066,FP,18
374778982,FP,"18,58"
354151219,FP,"17,18,58"
50943163,FP,18
28873762,FP,"18,42,43,44"
116257066,FP,"19,43,44,45"
286696848,FP,19
284747017,FP,19
467783290,FP,"19,43,44"
27244707,FP,19
470974162,FP,"20,47"
29117085,FP,20
253030300,FP,20
393251073,FP,20
39077574,FP,"21,48"
841226527,FP,"14,20,21"
156816238,FP,"21,48"
1001477809,FP,"14,15,16,21,22"
99330090,FP,"15,21,22,41"
456042145,FP,"17,18,24"
435167167,FP,"17,18,24"
367333043,FP,"17,18,24"
335489455,FP,"16,17,24"
305550963,FP,"15,16,17,24,56"
155947004,FP,"16,23,24"
444523623,FP,"17,18,24"
604863428,FP,"17,18,24"
444413256,FP,"17,18,24,58"
420446142,FP,"17,18,24"
372505528,FP,"17,18,24"
347011522,FP,"17,24"
284528889,FP,"17,18,24"
83053699,FP,"17,18,24,57"
395773226,FP,"18,25"
379629854,FP,"18,19,25,52,58"
387603144,FP,"15,16,17,18,24,25"
367913453,FP,"18,19,24,25"
367287018,FP,"17,18,19,24,25,52,58,59"
307956396,FP,"14,15,16,17,18,19,20,21,22,23,24,25"
279605855,FP,"17,18,24,25"
236775063,FP,"14,15,16,18,19,20,22,23,25"
159334269,FP,"14,15,19,20,21,25"
399444057,FP,"18,24,25"
289316336,FP,"14,26"
237235093,FP,"14,15,16,17,18,19,20,21,22,23,24,25,26"
230075120,FP,"14,15,16,17,18,19,20,21,22,23,24,25,26,41,47,48,49"
198616607,FP,"14,26,40"
141616639,FP,"19,20,26"
71396541,FP,"20,26"
420803693,FP,"19,20,25,26"
288471040,FP,"14,15,16,17,18,19,20,21,22,23,24,25,26,40,41,47,48,49,50,51,52"
408729765,FP,"18,19,25,26"
371711170,FP,"17,18,19,23,24,25,26"
137157546,FP,"18,19,25,26,52"
461538935,FP,"18,20,25,26,40,52,53"
377165123,FP,"14,15,16,17,18,19,20,22,23,24,25,26,40,41,47,48,49,50,52,53,54,55,56"
37242226,FP,6
32408928,FP,"7,34"
187861378,FP,"7,34"
114103136,FP,7
318054782,FP,"7,33"
319282294,FP,7
126357909,FP,7
157528286,FP,"6,7,33,34"
192520375,FP,"8,9,35"
77102895,FP,"8,9,35,36"
75208638,FP,"8,9,35,36,62,63"
74484886,FP,"8,9,35,36"
74197917,FP,"8,9,35,36,62,63"
341272282,FP,"7,8,9,10,34,35,36"
255918903,FP,"12,13,39"
449197624,FP,"5,32"
264460005,FP,"6,32"
268372005,FP,"7,33"
247873937,FP,"6,33,44,45"
126772538,FP,"7,34"
268439377,FP,"7,8,9,34,35"
80029842,FP,"7,9,34,35"
418971787,FP,"7,8,34,35"
132534906,FP,"7,8,34,35,61"
358072664,FP,"9,10,35,36,37"
292797572,FP,"11,38"
319783554,FP,"11,38"
406443564,FP,"11,38"
68322189,FP,"12,39"
28643432,FP,"14,26,40"
408549705,FP,"19,20,25,40,47,52,59"
105387356,FP,"14,41"
295807723,FP,"14,15,16,41"
147895461,FP,"21,41"
326347927,FP,"14,41"
312899686,FP,"14,15,41"
172871230,FP,"14,15,41"
399956873,FP,"14,15,26,40,41,56"
115564354,FP,"19,43,44,45"
436099179,FP,"6,43,44,45"
307377219,FP,"6,33,43,44,45"
239722954,FP,"19,43,44,45"
95122849,FP,"20,44,45,46,47"
137543637,FP,"20,40,47"
41422753,FP,"14,40,41,54"
106114491,FP,"14,54,55"
126171392,FP,"15,41,55"
294173437,FP,"14,15,16,41,54,55"
452483795,FP,"14,54,55"
273774284,FP,"14,15,41,54,55"
166190643,FP,"15,55"
364408162,FP,"15,16,41,55,56"
117068362,FP,"15,55,56"
26583436,FP,"14,15,40,54,55,56"
345333936,FP,"17,24,57"
437740083,FP,"17,57"
354285962,FP,"18,24,25,52,57,58"
285233023,FP,"17,18,24,58"
256349966,FP,"17,18,24,25,57,58"
187532854,FP,"19,59"
353586703,FP,"20,60"
41875043,FP,"14,40,41,53,54,74"
317397615,FP,"17,18,19,24,25,52,58,59,78,79"
317507345,FP,"18,19,24,25,52,58,59,73,78,79"
366074069,FP,"17,18,24,25,58"
52041724,FP,"18,24,25,78"
285542903,FP,"17,18,24,58,78"
54464870,FP,"18,24,25,58,78"
367099243,FP,"16,17,18,19,24,25,52,57,58,59,73,77"
272828463,FP,"17,18,24,57,58,77"
276380902,FP,"15,16,17,41,55,56,57,75,77"
377144784,FP,"17,18,24,57,58,77,78"
270333769,FP,"17,18,24,57,58,77"
341444900,FP,"16,17,56,57,76,77"
197650870,FP,"16,17,56,57,76,77"
371673488,FP,"17,24,57,77"
64836837,FP,"16,17,57,77"
466318137,FP,"10,11,63,64"
67309890,FP,"16,17,57,77"
470709084,FP,"17,18,24"
313761775,FP,"15,17,56,76,77"
322202434,FP,"16,17,18,24,25,57,58,77"
377420580,FP,"17,24,57,77"
376682699,FP,"17,18,24,25,57,58,77"
455962313,FP,"17,18,24,57,58,77"
318746829,FP,"17,24,57,77"
319068154,FP,"17,24,57,77"
441732151,FP,"15,16,17,18,19"
441738827,FP,"16,19,20,21,22,23,25,26"
341544930,FP,"14,15,21,22,41,48,49,75,76"
430528566,FP,"16,17,56,57,76"
159510109,FP,"14,15,18,19,21,25,26,40,41,73"
30329585,FP,"14,40,41,74"
327017634,FP,"11,12"
266688542,FP,"15,16,56,76"
274942910,FP,"15,16,56,76"
431156009,FP,"16,17,57,76"
357972447,FP,"15,16,55,56,75,76"
326114850,FP,"16,17,56,57,76"
256621916,FP,"14,15,16,24,41,54,55,57,74"
264303333,FP,"14,15,16,17,18,19,21,22,23,24,25,26,40,41,47,48,49,50,51,52,53,54,55,56,58,59,60,73,74,75"
406190563,FP,"14,41"
288185138,FP,"14,19,21,26,40,41,47,48,52,53,59,60,73,74,75"
136848581,FP,"15,16,55,56,75"
41330864,FP,"14,15,41,54,55,75"
219824469,FP,"16,22,23,49"
89643259,FP,"14,41,54,55,74"
122220263,FP,"14,40,41,54,74"
267489265,FP,"14,15,16,54,55,56,74"
284450803,FP,"14,15,16,20,23,26,40,41,47,50,53,54,56,57,59,60,73,74"
160268701,FP,"14,20,21,40,41,47,53,60,74"
288391628,FP,"14,18,19,20,21,25,40,41,47,52,53,59,60,73,74"
199688472,FP,"14,15,16,17,18,19,20,21,22,23,25,26,40,41,47,48,49,50,51,52,53,54,55,56,57,58,59,60,73,74"
421308357,FP,"14,15,16,17,19,20,22,23,24,26,40,41,47,49,50,53,54,55,56,57,58,59,60,73,74"
154927364,FP,"14,19,20,21,26,40,41,47,53,59,60,73,74"
137500798,FP,"19,20,26,40,47,53,59,60,73,74"
86280613,FP,"20,21,47,74"
40954422,FP,"14,15,41,54,55,74"
456305193,FP,"20,47,60,74"
318209162,FP,"21,47"
303364023,FP,"9,10,11,36,37,38,63,64,65"
311121985,FP,"19,59,73"
31268146,FP,"1,2,4,5,6,7,8,9,10,11,12,27,28,29,30,31,32,34,35,36,37,38,39,61,62,63,64,65"
1950736,FP,"19,43,44,45,71,73"
407394748,FP,"18,19,24,25,52,58,59,73"
417705690,FP,"19,24,25,52,58,59,73"
9837861,FP,"19,73"
190081497,FP,"8,35,61,62"
172110606,FP,"20,43,44,45,60,71,72,73"
431899140,FP,"18,59"
189620016,FP,"8,62"
348684813,FP,"8,35,61"
155491828,FP,"7,8,34"
302659412,FP,"9,10,11,36,38,63,64,65"
92013169,FP,"6,33,43,44,45,71,72"
142090065,FP,"19,20,25,26,40,52,53,59,60"
262781201,FP,"8,35,45,46,61,72"
260609205,FP,"1,2,3,4,5,6,7,8,9,10,11,12,13,61,62,63,64,65,66,67,68,69"
155044736,FP,"7,8,34,61"
294500964,FP,"7,34,44,45,46,61"
440801822,FP,"7,33,44,45,46,71"
220435095,FP,"13,27,28,29,30,32,33,34,35,36,37,38,39,62,63,64,65,67,68,69"
96246348,FP,"6,7,33,34,61"
412961700,FP,"8,34,61"
55383975,FP,"1,4,5,6,7,8,9,11,12,13,27,28,29,30,31,32,33,34,35,36,37,38,39,61,62,63,65"
300871545,FP,"1,2,3,4,5,6,7,8,9,10,11,12,13,61,62,63,65"
350445771,FP,"1,2,3,4,5,6,7,8,9,10,11,12,13,61,62,63,64,65"
382188882,FP,"3,4,6,7,9,10,11,13,27,28,30,31,32,33,34,36,37,38,39,63,64,65"
308307606,FP,"4,7,8,9,61,62,63,64"
272086159,FP,"2,3,4,5,6,12"
73723286,FP,"9,63"
151959065,FP,"9,10,36,63"
141412823,FP,"1,2,3,4,5,6,7,8,9,10,11,12,13,27,28,29,30,31,32,34,35,36,37,38,39,61,62,63,64,65,66,67,68"
9033144,FP,"2,29,69"
412014494,FP,"13,27,67"
90504905,FP,"14,40"
290348382,FP,"13,27,67"
327011842,FP,"17,18,58"
446549905,FP,"13,27,67"
231721005,FP,"3,4,6,7,10,13,27,30,31,32,33,34,37,64,65,66"
269892793,FP,"18,58"
120602501,FP,"16,56"
275111900,FP,"15,16,55,56"
5109298,FP,"7,33"
259151170,FP,18
286561122,FP,"18,19,59"
344600402,FP,"12,39,66"
349373192,FP,"4,5,6"
364107753,FP,"12,39,66"
379723086,FP,"12,39,66"
304774444,FP,"13,66"
405862830,FP,"13,66"
335483600,FP,"16,17,57,58"
445137888,FP,"17,18,58"
302814895,FP,"14,40,41,54"
449951606,FP,"10,11,63"
464296022,FP,"9,10,36,37,63,64"
460140752,FP,"10,11,36,37,63,64"
253132689,FP,"11,37,38,64"
161156159,FP,"10,11,37,64"
82707763,FP,"10,37,63,64"
378355116,FP,"17,18,24,57"
330332501,FP,"15,16,55"
155005217,FP,"16,56,57"
66783360,FP,"16,17,57"
415741431,FP,"16,17,24,57"
131979339,FP,"7,8,34,35,61"
331034236,FP,"16,17,56,57"
434718964,FP,"17,18,57,58"
73244652,FP,"20,47,60"
122262940,FP,"8,9,10,35,36,37,62"
267527924,FP,"7,8,34,35,62"
5024743,FP,"8,9,35,36,62"
294780517,FP,"4,5,6,7,8,9,10,11,12,13"
300013921,FP,"1,2,3,4,5,6,7,8,9,10,11,12,13,28,29,30,31,32,33,34,35,36"
457138169,FP,"21,47"
184952758,FP,"8,35,61,62"
356453768,FP,"9,10,35,36,37,62"
35883621,FP,"7,34,61"
196286587,FP,"7,8,34,61"
272050287,FP,"17,18,24,57,58"
308919449,FP,"1,2,4,5,8,9,10,11,12,28,29,31,32,34,35,36,37,38,61,62"
349786918,FP,"1,2,3,4,5,6,7,8,9,10,11,12,13,27,28,29,30,31,32,33,34,35,36,37,38,39,61,62"
449050248,FP,"5,12"
80275202,FP,"7,8,34,35,61"
339636032,FP,"3,6,7,8,9,13,30,33,34,35,36,61"
410245915,FP,"8,35,61"
143526444,FP,"7,8,34,61"
333821572,FP,"7,34,61"
148659924,FP,"7,34,61"
170103435,FP,"6,7,8,33,34,61"
62530991,FP,"8,34,61"
468828873,FP,"18,19,20,59,60"
406855039,FP,"14,15,16,17,18,19,20,21,23,24,25,26,40,41,47,48,49,50,51,53,54,55"
357457104,FP,"15,16,55,56"
67926921,FP,"20,47"
458914949,FP,"18,19,58,59"
467281353,FP,"10,11,37"
316254876,FP,"18,19,59"
27677846,FP,"18,19,59"
162246865,FP,"10,36,37"
326919774,FP,"17,18"
339538183,FP,"18,19,20,59"
420288086,FP,"17,18,24,58"
313506357,FP,"16,17,57"
328167090,FP,"16,17,56,57"
64553698,FP,"16,17,24,57"
316402246,FP,"15,16,17,56,57"
329145325,FP,"16,17,24,56,57"
428065977,FP,"16,17,57"
272049972,FP,"17,18,24,57"
252636888,FP,"16,17,57"
191146556,FP,"17,57"
388076005,FP,"16,18,24,25,56,57"
336267424,FP,"14,26,40,41,53,54"
328750515,FP,"16,17,56"
431148743,FP,"16,17,56,57"
127425841,FP,"17,57"
272625214,FP,"17,18,24,57"
233390838,FP,"14,15,16,17,41,55,57"
155114483,FP,"16,17,57"
405794804,FP,"16,17,18,24,56,57"
403308915,FP,"17,24,57"
233735068,FP,"14,15,16,17,18,19,20,21,22,23,24,25,26,40,41,47,48,49,50,51,52,53,54,55,56"
129539786,FP,"16,56"
164150539,FP,"16,56"
190442486,FP,"15,16,56"
452803785,FP,"16,17,56"
410528770,FP,"16,17,24,56"
314338017,FP,"15,16,17,56"
200593988,FP,6
186599508,FP,18
9727392,FP,2
120585579,FP,2
49710555,FP,"2,29"
66356824,FP,"2,3,29"
77031413,FP,"2,29"
192372961,FP,18
355636844,FP,"1,2,28"
89510024,FP,"14,41,55"
443658196,FP,"11,38"
316937670,FP,"1,2"
144440290,FP,2
47484268,FP,2
16102323,FP,"14,15,41,55"
137284119,FP,"15,16,55"
167098530,FP,"15,55"
89759617,FP,"14,15,41,54,55"
416624606,FP,"15,16,41,55"
367102581,FP,"17,18,19,20,24,25,26,52"
346418409,FP,16
366563452,FP,"17,18,19,20,23,24,25,26,40,47,50,52,53"
468472950,FP,"15,16"
230386397,FP,"14,15,16,17,18,20,21,22,23,24,25,26,40,41,47,48,49"
382474101,FP,"2,29"
147576037,FP,"14,20,21,40,41,47"
237200747,FP,"14,15,16,17,18,19,20,21,22,23,24,25,26,40,41,47,48,49,51"
42015200,FP,3
387834907,FP,"16,17"
143257766,FP,"13,27"
279212407,FP,"18,24,25,52"
259126549,FP,"14,15,16,18,19,20,21,22,23,24,25,26,40,41,47,48,49"
188989177,FP,5
167031605,FP,6
300599466,FP,"1,2,3,4,5,6,7,8,9,11,12,13"
125894957,FP,7
409459226,FP,7
124709665,FP,"7,33"
219151731,FP,"5,6,7,32,33,34"
219821826,FP,"14,15,16,17,18,20,21,23,24,25,26,40,41,47,48,49"
380886535,FP,"3,30,42,43"
312122956,FP,"19,43,44,45"
95129101,FP,"20,44,45,46"
289988797,FP,"10,37,46"
240148934,FP,20
106997505,FP,7
133505138,FP,"9,10,36,37"
350995812,FP,14
21755546,FP,"14,40,41"
117256577,FP,"14,41"
277014266,FP,"14,15,16,41"
92783821,FP,"14,15,41"
30312676,FP,"1,2,3,4,5,6,7,8,10,11,12,13,27,28,29,30"
330468175,FP,"15,16"
1449756,FP,"5,32"
258777134,FP,"14,15,16,17,18,19,20,21,22,23,24,25,26,40,41,47"
189013222,FP,"5,32"
285674856,FP,18
74482749,FP,"8,9,35,36"
325680697,FP,"4,31"
9804616,FP,4
20178111,FP,"6,32"
365639282,FP,6
108645766,FP,7
274138511,FP,7
311183180,FP,"5,31"
59003115,FP,5
1133072,FP,8
33153766,FP,9
147660201,FP,9
309402106,FP,"1,5,8,9,10,11"
22843856,FP,"18,42,43,44"
184679932,FP,18
382302241,FP,1
403287048,FP,1
389525208,FP,"1,27"
220518305,FP,"1,3,28,29,30"
403136413,FP,1
253917293,FP,1
79395355,FP,1
155995204,FP,2
271900960,FP,4
259701242,FP,"3,4,5,6,13,30"
176984236,FP,"1,2,3,4,5,7,8,9,10,11,12,13,27,28,29,30,31,32"
206466531,FP,"3,4,30"
339733013,FP,"1,2,3,4,5,6,7,8,9,10,11"
279251651,FP,"1,2,3,4,5,6,7,8,9,10,11,12,13,27"
408159788,FP,"5,32"
169532369,FP,5
459942762,FP,5
44745077,FP,"4,5"
143350972,FP,5
316916655,FP,5
275248683,FP,8
131419878,FP,"7,8,34"
255760319,FP,"2,5,6,7,8,12,29,32"
348844154,FP,4
300557619,FP,"1,4"
425163745,FP,5
449050247,FP,"5,12"
146434840,FP,5
238374636,FP,"7,8,9,34,35,36"
374908020,FP,"2,9"
54044474,FP,"9,36"
459997997,FP,"10,11,36"
327663613,FP,"1,2,3,4,5,6,7,8,9,10,11"
183979262,FP,"1,2,27,28"
279740441,FP,3
166697854,FP,2
9102327,FP,2
188593930,FP,2
175476629,FP,2
41865539,FP,2
155986102,FP,2
69838258,FP,2
415969574,FP,2
139285736,FP,2
20892672,FP,2
207084429,FP,"2,29"
229091748,FP,2
281979481,FP,"3,10,11,12,13,33,37,38,39"
262530873,FP,"2,3,29"
13023738,FP,"2,29"
9032368,FP,2
92359850,FP,"4,31"
29960109,FP,4
176778112,FP,"4,31"
167754523,FP,"1,2,3,4,5,6,7,8,9,10,11,12,13,27,28,29,30,31,32"
49899799,FP,"4,31"
427348923,FP,"6,32"
427352241,FP,"6,32"
219164808,FP,"1,4,5,7,8,11,28,31,32,33,34,38"
438490744,FP,6
302895996,FP,6
32830028,FP,6
311183180,FP,5
287474726,FP,"8,34"
270841724,FP,8
146261607,FP,"7,8,34"
128463355,FP,"7,8,34"
287329267,FP,"1,2,3,4,5,6,7,8,9,10,11,12,13,27,28,29"
144956678,FP,"7,8,34"
145982812,FP,8
145027461,FP,"7,8"
118021229,FP,8
141227133,FP,8
365781372,FP,6
97158538,FP,"7,33,34"
349790953,FP,"1,3,4,5,6,7,8,9,10,11,13,27,28,29,30,31,32,33,34,35,36,37,38"
348755723,FP,8
146463781,FP,8
82362447,FP,8
432008938,FP,8
238197709,FP,"2,3,5,6,9,10,12,13,27,28,29,30,32"
78672342,FP,6
445822015,FP,9
101497191,FP,9
219239945,FP,"3,4,5"
391821647,FP,"1,2,3,4,5,6"
119081096,FP,8
174143743,FP,"7,8"
150271680,FP,9
373424049,FP,"9,10"
304042899,FP,"10,37"
175180796,FP,"7,8"
32283946,FP,3
229141709,FP,3
372913430,FP,"1,4,5,7,8,9,10,11,27,31"
271596418,FP,"1,2,3,4,5,6"
37084932,FP,6
237808867,FP,6
438295981,FP,6
284288080,FP,"6,7,8,9"
250484865,FP,6
153027658,FP,"3,4,30,31"
271722899,FP,4
278199349,FP,4
261258875,FP,"1,4,5,7,8,11,12,13,27,28"
279999655,FP,7
265077027,FP,7
141776043,FP,7
179155220,FP,7
179159972,FP,7
445586472,FP,"7,8,9,10,34"
453209605,FP,7
133654092,FP,7
347098457,FP,"7,34"
268371979,FP,7
5772442,FP,7
33091633,FP,7
425220920,FP,7
113553629,FP,7
108835813,FP,7
317951248,FP,7
142918609,FP,7
156115721,FP,"7,8,34"
139853601,FP,"7,34"
97700520,FP,"7,34"
182943944,FP,8
291555748,FP,"7,8,9"
140706664,FP,8
143994283,FP,8
141482386,FP,"1,2,4,5,6,7,8,9,10,11,12,27,28,29"
447283466,FP,"9,10"
90544017,FP,"8,9,35"
310483807,FP,"8,9,10"
385624852,FP,"9,10,35,36"
370745311,FP,"9,10,11"
384549882,FP,"8,9,10"
253990973,FP,13
31858844,FP,"13,27"
140830390,FP,"1,2,3,4,5,6,8,9,10,11,12,13,27,28,29,30,31,33"
426077080,FP,12
129319156,FP,12
361034196,FP,12
387079085,FP,"11,12"
382331352,FP,"11,12"
375225453,FP,"10,11,12,37"
295599256,FP,13
369864738,FP,"12,13"
90919952,FP,13
425721385,FP,13
91576611,FP,13
69997672,FP,14
110428269,FP,14
161450762,FP,14
48188920,FP,14
232967666,FP,19
15247229,FP,14
237185205,FP,"14,26,40,41"
24364065,FP,14
308034948,FP,"10,11"
274762761,FP,"14,15"
267561446,FP,"15,16"
274662200,FP,"15,16"
408203470,FP,15
229536616,FP,15
185405474,FP,"14,15"
287190564,FP,15
294179389,FP,"14,15,16"
15565627,FP,"14,15"
195199644,FP,15
256886630,FP,"15,16"
345996087,FP,15
387664866,FP,15
387664868,FP,15
42123111,FP,"14,15"
233681149,FP,"14,15,16,17,18"
229770036,FP,16
275501623,FP,"16,17,24"
136971594,FP,"15,16"
190430205,FP,"15,16"
240613164,FP,16
274170255,FP,"15,16"
329864959,FP,"16,17"
343442463,FP,16
416987878,FP,"15,16"
468845640,FP,"16,17"
258801269,FP,"14,15,16,17,18,19"
259129875,FP,"14,15,16,17,18,19"
128501004,FP,16
2041563029,FP,16
377304435,FP,"14,15,16,19"
138968089,FP,15
427654774,FP,"17,18"
354594208,FP,17
384045439,FP,"16,17"
414870287,FP,"16,17"
430677414,FP,"16,17"
377739433,FP,"17,18"
269509393,FP,17
270238522,FP,"17,18"
387413037,FP,"16,17,18,19"
312259170,FP,"17,18"
312469860,FP,"17,18"
354600221,FP,"17,18"
431585347,FP,17
409520860,FP,17
320506985,FP,"17,18"
117322779,FP,18
245462406,FP,18
249862365,FP,18
256414077,FP,18
284050395,FP,"17,18"
285677945,FP,18
292321872,FP,18
307111282,FP,"17,18"
332154944,FP,18
348135793,FP,18
354400186,FP,18
403256331,FP,"17,18"
444415148,FP,"17,18"
71854745,FP,18
82010657,FP,"18,19"
201154493,FP,18
68152139,FP,18
118301361,FP,18
26433869,FP,"18,42"
376838000,FP,"17,18"
470852531,FP,"17,18"
51024887,FP,18
348673213,FP,18
122485078,FP,"18,19"
353367071,FP,"18,19"
354006740,FP,"18,19"
368536386,FP,"18,19"
409183335,FP,"18,19"
470315428,FP,"18,19"
73104318,FP,"18,19"
23650642,FP,20
371210825,FP,20
461662295,FP,20
81212286,FP,20
298666530,FP,20
53427308,FP,20
420112587,FP,"14,15,16,17,19"
450327768,FP,21
377290815,FP,"14,15,16,17,22"
356919658,FP,20
400476523,FP,20
233503636,FP,"14,15,16,18,19,20,21,22,24"
308425348,FP,"10,11"
325172035,FP,"10,11,37"
167009792,FP,"1,2,3,4,5,7,8,10,11,12,13,27,28,29"
461080504,FP,"10,11,36"
357536526,FP,"9,10,11"
127315102,FP,"11,38"
394509844,FP,11
242536549,FP,"11,38"
166184426,FP,11
334911765,FP,11
400323948,FP,"11,37,38"
141663464,FP,11
295354126,FP,"11,12,38"
293708935,FP,11
383531859,FP,"11,38"
458856474,FP,"10,11,36"
458857720,FP,"10,11"
127793615,FP,11
89535068,FP,"10,35,36"
324395151,FP,"10,37"
457939414,FP,"10,36"
147340931,FP,10
453464017,FP,"10,11,12,37,38"
275384718,FP,10
429295277,FP,10
439610306,FP,10
11996814,FP,"18,24,25"
141663460,FP,11
279982557,FP,"15,16,17,18,19,20,21,22,24"
61733521,FP,"13,27"
98494121,FP,"13,27"
293527670,FP,"1,13,27,28"
29959761,FP,"4,31"
100589632,FP,"5,6,32,33"
219766989,FP,"10,37"
260849386,FP,"7,8,9"
49617263,FP,"3,30"
168871868,FP,"4,5,31,32"
373453507,FP,"5,32"
124702477,FP,"7,33"
48178229,FP,"6,7,33"
144043410,FP,"8,34"
239638934,FP,"15,16"
78775584,FP,"9,35,36"
105801221,FP,"9,36"
146244533,FP,"8,9,35,36"
424747720,FP,"13,27"
266843799,FP,"10,11,37"
389371332,FP,"7,27,28,29,31,32,34,35"
300011941,FP,"1,2,3,4,5,6,7,8,9,10,11,12,13,27,28,29,30,31,32,33,34,35,36"
343708863,FP,"11,12,38,39"
305943739,FP,"14,40,41"
